"Link","Research Group","Institutions","Org Type","Country","Source"
"https://arxiv.org/abs/quant-ph/9802018","Los Alamos / MIT","Massachusetts Institute of Technology; Harvard–MIT Division of Health Sciences and Technology; Bruker (United States); Los Alamos National Laboratory; Harvard University","mixed","US","openalex"
"https://jubarreiro.physics.ucsd.edu/files/Schindler-Science-332-1059-1061.pdf","Innsbruck (Blatt)","Universität Innsbruck; Austrian Academy of Sciences; Institute for Quantum Optics and Quantum Information Innsbruck","academic","AT","openalex"
"https://arxiv.org/abs/1108.4842","IQC Waterloo","University of Waterloo; Perimeter Institute","academic","CA","openalex"
"https://arxiv.org/abs/1109.4821","IQC Waterloo","University of Waterloo; Institute for Quantum Computing; Perimeter Institute for Theoretical Physics","academic","CA","manual"
"https://arxiv.org/abs/1109.4948","Yale (Schoelkopf)","Yale University; Delft University of Technology","academic","US","openalex"
"https://arxiv.org/abs/1411.7403","UCSB / Google","University of California, Santa Barbara; Centre for Quantum Computation and Communication Technology","academic","US","openalex"
"https://arxiv.org/abs/1309.6424","Delft (Hanson)","University of Stuttgart; Technical University of Munich; Japan Atomic Energy Agency; University of Tsukuba; University of Science and Technology of China; Hefei National Center for Physical Sciences at Nanoscale; Max Planck Institute for Solid State Research","academic","DE","openalex"
"https://arxiv.org/abs/1411.5542","Delft (DiCarlo)","QuTech; Delft University of Technology; Leiden University; Huygens Institute for History and Culture of the Netherlands; VTT Technical Research Centre of Finland; Aalto University","academic","NL","openalex"
"https://arxiv.org/abs/1508.01388","Yale (Schoelkopf)","QuTech; Delft University of Technology; Element Six (United Kingdom)","mixed","NL","openalex"
"https://arxiv.org/abs/1709.00990","IBM Research","University of Basel","academic","CH","openalex"
"https://arxiv.org/abs/2004.11037","Google Quantum AI","","industry","","openalex-noaff"
"https://arxiv.org/abs/2102.06132","Google Quantum AI","","industry","","openalex-noaff"
"https://arxiv.org/abs/2207.06431","Google Quantum AI","Google (United States); Columbia University; University of Massachusetts Amherst; Auburn University; Centre for Quantum Computation and Communication Technology; California Institute of Technology; University of California, Riverside; Research Institute for Advanced Computer Science; Ames Research Center","industry","US","openalex"
"https://arxiv.org/abs/2409.13025","Amazon (AWS)","","industry","","openalex-noaff"
"https://arxiv.org/abs/2408.13687","Google Quantum AI","Google (United States); Princeton University; University of Massachusetts Amherst; Google DeepMind (United Kingdom); Google (United Kingdom); University of California, Santa Barbara; University of Connecticut; Auburn University","industry","US","openalex"
"https://arxiv.org/abs/quant-ph/0101034","Los Alamos / MIT","Los Alamos National Laboratory","academic","US","openalex"
"https://arxiv.org/abs/1208.4797","IQC Waterloo","TU Dortmund University; University of Waterloo; Perimeter Institute","academic","DE","openalex"
"https://arxiv.org/abs/1907.04507","IBM Research","University of Science and Technology of China; Hefei National Center for Physical Sciences at Nanoscale; CAS Key Laboratory of Urban Pollutant Conversion; University of Oxford; Tsinghua University","academic","CN","openalex"
"https://arxiv.org/abs/1404.5498","University of Bristol","University of Bristol; Centre for Quantum Technologies; National University of Singapore; Université Bourgogne Franche-Comté; National Institute for Theoretical Physics; University of KwaZulu-Natal; Télécom Paris; Centre National de la Recherche Scientifique; Laboratoire Traitement et Communication de l’Information; University of Bath","academic","FR","openalex"
"https://arxiv.org/abs/1912.09410","ETH Zurich","ETH Zurich","academic","CH","openalex"
"https://arxiv.org/abs/2112.03708","ETH Zurich","ETH Zurich; Université de Sherbrooke; Institut quantique; Delft University of Technology; Forschungszentrum Jülich; RWTH Aachen University; Canadian Institute for Advanced Research","academic","CH","openalex"
"https://arxiv.org/abs/2112.03923","Harvard / QuEra","Harvard University; QuEra Computing (United States); Austrian Academy of Sciences; Universität Innsbruck; Massachusetts Institute of Technology; Harvard University Press","mixed","US","openalex"
"https://arxiv.org/abs/2312.03982","Harvard / QuEra","Harvard University; QuEra Computing (United States); Joint Center for Quantum Information and Computer Science; University of Maryland, College Park; Massachusetts Institute of Technology","mixed","US","openalex"
"https://arxiv.org/abs/1403.5426","Innsbruck (Blatt)","","academic","","openalex-noaff"
"https://arxiv.org/abs/1705.09259","IBM Research","","industry","","openalex-noaff"
"https://arxiv.org/abs/1611.06946","Maryland (Monroe)","Joint Quantum Institute; University of Maryland, College Park; Georgia Institute of Technology; IonQ (United States)","mixed","US","openalex"
"https://www.nature.com/articles/ncomms7979","IBM Research","IBM Research - Thomas J. Watson Research Center; IBM (United States)","industry","US","openalex"
"https://www.nature.com/articles/s41534-019-0185-4","ETH Zurich","ETH Zurich","academic","CH","openalex"
"https://arxiv.org/abs/1905.12731","Delft (DiCarlo)","QuTech; Delft University of Technology; Leiden University; Netherlands Organisation for Applied Scientific Research","academic","NL","openalex"
"https://arxiv.org/abs/2009.11482","Maryland / Duke / IonQ","","mixed","","openalex-noaff"
"https://arxiv.org/abs/2009.06242","USTC","University of Science and Technology of China; Chinese Academy of Sciences; Hefei National Center for Physical Sciences at Nanoscale; University of Vienna; Austrian Academy of Sciences; Vienna Center for Quantum Science and Technology; The University of Osaka; National Institute of Informatics; NTT Basic Research Laboratories","academic","CN","openalex"
"https://arxiv.org/abs/2411.11822","Microsoft / QuEra","","industry","","openalex-noaff"
"https://arxiv.org/abs/1709.01866","Durham / Sheffield","Durham University","academic","GB","openalex"
"https://arxiv.org/abs/1705.08957","IBM Research","RWTH Aachen University","academic","DE","openalex"
"https://arxiv.org/abs/1805.05227","IBM Research","Forschungszentrum Jülich; RWTH Aachen University; University of Groningen","academic","DE","openalex"
"https://arxiv.org/abs/1806.02359","IBM Research","The University of Sydney; ARC Centre of Excellence for Engineered Quantum Systems; Yale University","academic","AU","openalex"
"https://ieeexplore.ieee.org/document/9171796","Indian Institute of Technology Kharagpur","Indian Institute of Technology Kharagpur","academic","IN","openalex"
"https://arxiv.org/abs/1910.00129","IBM Research","","industry","","openalex-noaff"
"https://arxiv.org/abs/2112.04076","Southampton","University of Southampton","academic","GB","openalex"
"https://arxiv.org/abs/2206.07907","","","","","openalex-noaff"
"https://arxiv.org/abs/2012.08927","USTC","University of Science and Technology of China; Hefei University of Technology","academic","CN","openalex"
"https://arxiv.org/abs/2305.13581","IBM Quantum","IBM Research - Almaden; IBM Research - Thomas J. Watson Research Center; IBM (Germany); IBM Research - Zurich; IBM (Denmark)","industry","US","openalex"
"https://arxiv.org/abs/2409.05835","Microsoft","","industry","","openalex-noaff"
"https://arxiv.org/abs/2412.07670","Atom Computing","University of Chicago; Nvidia (United States); University of Wisconsin–Madison","mixed","US","openalex"
"https://arxiv.org/abs/2412.15165","Harvard / QuEra","QuEra Computing (United States); Massachusetts Institute of Technology; Harvard University","industry","US","openalex"
"https://arxiv.org/abs/2412.14256","Google Quantum AI","","industry","","openalex-noaff"
"https://arxiv.org/abs/2412.14360","Google Quantum AI","","industry","","openalex-noaff"
"https://doi.org/10.1038/nature03074","NIST","National Institute of Standards and Technology; Max Planck Institute of Quantum Optics; University of Otago","academic","US","openalex"
"https://doi.org/10.48550/arXiv.2509.25326","Quantinuum","","industry","","openalex-noaff"
"https://doi.org/10.48550/arXiv.2512.13908","Google Quantum AI","","industry","","openalex-noaff"
"https://www.nature.com/articles/s41586-026-10628-y","Microsoft / Quantinuum","Microsoft (United States)","industry","US","openalex"
"https://doi.org/10.1038/nature05146","NIST","National Institute of Standards and Technology","academic","US","openalex"
"https://doi.org/10.1103/PhysRevX.11.041058","Honeywell (United States)","Honeywell (United States); Google (United States)","industry","US","openalex"
"https://doi.org/10.1038/s41586-022-04721-1","Universität Innsbruck","Universität Innsbruck; Forschungszentrum Jülich; RWTH Aachen University; Alpine Quantum Technologies (Austria); Austrian Academy of Sciences","mixed","AT","openalex"
"https://doi.org/10.1038/s41567-024-02727-2","Universität Innsbruck","Universität Innsbruck; Forschungszentrum Jülich; RWTH Aachen University","academic","AT","openalex"
"https://doi.org/10.1038/s41586-021-03928-y","Joint Center for Quantum Information and Computer Science","Joint Center for Quantum Information and Computer Science; IonQ (United States); Joint Quantum Institute; University of Maryland, College Park; Google (United States); Duke University; Georgia Institute of Technology","industry","US","openalex"
"https://doi.org/10.1038/s41567-021-01423-9","QuTech","QuTech; Delft University of Technology; Netherlands Organisation for Applied Scientific Research; Forschungszentrum Jülich","academic","NL","openalex"
"https://doi.org/10.1038/s41586-023-06846-3","IBM Research - Almaden","IBM Research - Almaden; IBM Research - Thomas J. Watson Research Center; IBM (Germany); IBM Research - Zurich; IBM (United States); IBM (Denmark)","industry","US","openalex"
"https://doi.org/10.1103/PhysRevLett.131.210603","USTC","University of Science and Technology of China; Hefei National Center for Physical Sciences at Nanoscale; Beijing Academy of Quantum Information Sciences","academic","CN","openalex"
"https://arxiv.org/abs/2412.01446","The University of Melbourne","The University of Melbourne; CSIRO Manufacturing; Commonwealth Scientific and Industrial Research Organisation; Data61","academic","AU","openalex"
"https://doi.org/10.48550/arXiv.2506.14169","University of California System","University of California System; University of California, Davis; Sandia National Laboratories","academic","US","openalex"
"https://arxiv.org/abs/quant-ph/9806012","NIST","National Institute of Standards and Technology","academic","US","openalex"
"https://www.nature.com/articles/35005011","NIST","National Institute of Standards and Technology; Information Technology Laboratory; Optics Technology (United States)","mixed","US","openalex"
"https://www.nature.com/articles/35057215","NIST","National Institute of Standards and Technology; University of Michigan","academic","US","openalex"
"https://www.nature.com/articles/nature01492","NIST","National Institute of Standards and Technology; University of Oxford; Institute of Physics Belgrade","academic","US","openalex"
"https://arxiv.org/abs/0803.2798","Austrian Academy of Sciences","Austrian Academy of Sciences; Universität Innsbruck; Institute for Quantum Optics and Quantum Information Innsbruck","academic","AT","openalex"
"https://arxiv.org/abs/1512.04600","University of Oxford","University of Oxford","academic","GB","openalex"
"https://arxiv.org/abs/1604.00032","","","","","openalex-noaff"
"https://www.science.org/doi/10.1126/science.1130886","UCSB","University of California, Santa Barbara","academic","US","openalex"
"https://arxiv.org/abs/0903.2030","Yale","Yale University; University of Waterloo; TU Wien; Université de Sherbrooke","academic","US","openalex"
"https://arxiv.org/abs/1202.5344","","","","","openalex-noaff"
"https://arxiv.org/abs/1402.4848","","","","","openalex-noaff"
"https://arxiv.org/abs/1603.04821","","","","","openalex-noaff"
"https://arxiv.org/abs/2001.08838","","","","","openalex-noaff"
"https://arxiv.org/abs/0908.0454","Centre National de la Recherche Scientifique","Centre National de la Recherche Scientifique; Laboratoire Charles Fabry","academic","FR","openalex"
"https://arxiv.org/abs/0907.5552","University of Wisconsin–Madison","University of Wisconsin–Madison","academic","US","openalex"
"https://journals.aps.org/pra/abstract/10.1103/PhysRevA.92.022336","University of Wisconsin–Madison","University of Wisconsin–Madison","academic","US","openalex"
"https://arxiv.org/abs/1908.06101","","","","","openalex-noaff"
"https://arxiv.org/abs/2001.04455","Caltech","California Institute of Technology; Jet Propulsion Laboratory","academic","US","openalex"
"https://arxiv.org/abs/2305.03406","Caltech","California Institute of Technology; Stanford University","academic","US","openalex"
"https://arxiv.org/abs/2108.02626","","","","","openalex-noaff"
"https://www.nature.com/articles/s41586-021-04273-w","QuTech","QuTech; Delft University of Technology; Netherlands Organisation for Applied Scientific Research","academic","NL","openalex"
"https://doi.org/10.1007/s00340-005-1917-z","Austrian Academy of Sciences","Austrian Academy of Sciences; Universität Innsbruck; Institute for Quantum Optics and Quantum Information Innsbruck","academic","AT","openalex"
"https://arxiv.org/abs/2407.07694","Oxford Research (Norway)","Oxford Research (Norway); University of Oxford; University of Oregon","industry","NO","openalex"
"https://doi.org/10.1103/PRXQuantum.6.010331","Caltech","California Institute of Technology; Tel Aviv University","academic","US","openalex"
"https://doi.org/10.1038/s41586-023-06481-y","Harvard","Harvard University; QuEra Computing (United States); Massachusetts Institute of Technology; Harvard University Press","mixed","US","openalex"
"https://doi.org/10.1103/PhysRevX.15.011009","Princeton University","Princeton University","academic","US","openalex"
"https://doi.org/10.48550/arXiv.2411.11708","","","","","openalex-noaff"
"https://doi.org/10.48550/arXiv.2408.08288","","","","","openalex-noaff"
"https://doi.org/10.1038/s41586-019-1197-0","Centre for Quantum Computation and Communication Technology","Centre for Quantum Computation and Communication Technology; UNSW Sydney; London Centre for Nanotechnology; University College London; Keio University","academic","AU","openalex"
"https://doi.org/10.48550/arXiv.2407.15783","Maryland","University of Maryland, College Park; University of Wisconsin–Madison; University of Massachusetts Amherst; École Polytechnique Fédérale de Lausanne","academic","US","openalex"
"https://doi.org/10.48550/arXiv.2506.03567","UNSW Sydney","UNSW Sydney; Centre for Quantum Computation and Communication Technology","academic","AU","openalex"
"https://doi.org/10.48550/arXiv.2510.17286","","","","","openalex-noaff"
"https://doi.org/10.48550/arXiv.2511.05465","","","","","openalex-noaff"
"https://arxiv.org/abs/2604.25987","","","","","openalex-noaff"
"https://arxiv.org/abs/1009.6126","Universität Innsbruck","Universität Innsbruck; University of Waterloo; McGill University; Austrian Academy of Sciences; Institute for Quantum Optics and Quantum Information Innsbruck","academic","AT","openalex"
"https://arxiv.org/abs/1711.11092","Austrian Academy of Sciences","Austrian Academy of Sciences; Institute for Quantum Optics and Quantum Information Innsbruck; Universität Ulm; Universität Innsbruck","academic","AT","openalex"
"https://arxiv.org/abs/2302.00565","Austrian Academy of Sciences","Austrian Academy of Sciences; Universität Innsbruck; Institute for Quantum Optics and Quantum Information Innsbruck; Alpine Quantum Technologies (Austria)","mixed","AT","openalex"
"https://arxiv.org/abs/1607.03042","","","","","openalex-noaff"
"https://arxiv.org/abs/1707.04344","Harvard","Harvard University; Massachusetts Institute of Technology; Center for Astrophysics Harvard & Smithsonian; California Institute of Technology","academic","US","openalex"
"https://arxiv.org/abs/1902.00284","Technische Universität Darmstadt","Technische Universität Darmstadt","academic","DE","openalex"
"https://arxiv.org/abs/2012.12281","Harvard","Harvard University; QuEra Computing (United States); Austrian Academy of Sciences; Universität Innsbruck; Stanford University; University of California, Berkeley; Massachusetts Institute of Technology; Harvard University Press","mixed","US","openalex"
"https://arxiv.org/abs/2207.06500","","","","","openalex-noaff"
"https://www.nature.com/articles/nature13171","UCSB","University of California, Santa Barbara; University of California, Riverside; Centre for Quantum Computation and Communication Technology","academic","US","openalex"
"https://www.nature.com/articles/s41586-019-1666-5","Google Quantum AI","Google (United States); University of Massachusetts Amherst; Ames Research Center; California Institute of Technology; University of California, Santa Barbara; Friedrich-Alexander-Universität Erlangen-Nürnberg; Oak Ridge National Laboratory; Quantum Science Center; University of California, Riverside; Stinger Ghaffarian Technologies (United States); Forschungszentrum Jülich; RWTH Aachen University; University of Michigan; University of Illinois Urbana-Champaign","industry","US","openalex"
"https://www.nature.com/articles/s41586-023-06096-3","IBM Research","IBM (United States); IBM Research - Thomas J. Watson Research Center; Cambridge Scientific (United States); University of California, Berkeley; Nippon Soken (Japan); RIKEN; Lawrence Berkeley National Laboratory","industry","US","openalex"
"https://arxiv.org/abs/1708.04214","QuTech","QuTech; Delft University of Technology; University of Wisconsin–Madison","academic","NL","openalex"
"https://arxiv.org/abs/2202.09252","QuTech","QuTech; Delft University of Technology; Netherlands Organisation for Applied Scientific Research","academic","NL","openalex"
"https://arxiv.org/abs/2403.12021","Caltech","California Institute of Technology","academic","US","openalex"
"https://doi.org/10.1038/ncomms5015","IBM Research","IBM (United States); RTX (United States)","industry","US","openalex"
"https://doi.org/10.48550/arXiv.2412.14647","USTC","University of Science and Technology of China; Beijing Academy of Artificial Intelligence; Shanghai Artificial Intelligence Laboratory","academic","CN","manual"
"https://doi.org/10.1103/PhysRevApplied.22.024073","Université Paris-Saclay","Université Paris-Saclay; Institut d’Optique Graduate School; Pennsylvania Academy of Science","academic","US","openalex"
"https://doi.org/10.1103/PhysRevX.9.031045","QuTech","QuTech; Delft University of Technology; Element Six (United Kingdom)","mixed","NL","openalex"
"https://doi.org/10.1038/s41586-021-03332-6","Delft","Delft University of Technology; QuTech; Netherlands Organisation for Applied Scientific Research","academic","NL","openalex"
"https://doi.org/10.48550/arXiv.2512.19795","","","","","openalex-noaff"
"https://arxiv.org/abs/2606.02715","","","","","openalex-noaff"
"https://arxiv.org/abs/cond-mat/9904003v1","NEC (Japan)","NEC (Japan); Japan Science and Technology Agency","industry","JP","openalex"
"https://arxiv.org/abs/cond-mat/0111402","NEC (Japan)","NEC (Japan); Japan Science and Technology Agency","industry","JP","openalex"
"https://arxiv.org/abs/cond-mat/0205343","Commissariat à l'Énergie Atomique et aux Énergies Alternatives","Commissariat à l'Énergie Atomique et aux Énergies Alternatives; Service de Physique de l'État Condensé","academic","FR","openalex"
"https://arxiv.org/abs/cond-mat/0305461","Delft","Delft University of Technology; NEC (Japan)","mixed","NL","openalex"
"https://arxiv.org/abs/cond-mat/0512428","Delft","Delft University of Technology; University of Basel; NTT Basic Research Laboratories","academic","NL","openalex"
"https://arxiv.org/abs/0803.4490","Yale","Yale University; University of Waterloo","academic","US","openalex"
"https://arxiv.org/abs/0808.3279","UCSB","University of California, Santa Barbara","academic","US","openalex"
"https://arxiv.org/abs/0906.0831","Yale","Yale University","academic","US","openalex"
"https://arxiv.org/abs/1101.4707","","","","","openalex-noaff"
"https://arxiv.org/abs/1105.4652","Yale","Yale University; University of Chicago; Joint Quantum Institute; University of Maryland, College Park; RTX (United States)","mixed","US","openalex"
"https://arxiv.org/abs/1202.5533","","","","","openalex-noaff"
"https://arxiv.org/abs/1303.4071","NIST","National Institute of Standards and Technology","academic","US","openalex"
"https://www.nature.com/articles/nature13017","Yale","Yale University; Forschungszentrum Jülich; Ernst Ruska Centre","academic","US","openalex"
"https://arxiv.org/abs/1412.2772","MIT","Massachusetts Institute of Technology; MIT Lincoln Laboratory","academic","US","openalex"
"https://arxiv.org/abs/1508.06299","MIT","Massachusetts Institute of Technology; University of California, Berkeley; MIT Lincoln Laboratory","academic","US","openalex"
"https://arxiv.org/abs/1601.05505","","","","","openalex-noaff"
"https://arxiv.org/abs/1602.04768v1","","","","","openalex-noaff"
"https://arxiv.org/abs/1803.00102","Yale","Yale University; Institut national de recherche en sciences et technologies du numérique","academic","US","openalex"
"https://arxiv.org/abs/1810.11006","Maryland","University of Maryland, College Park; Joint Quantum Institute","academic","US","manual"
"https://arxiv.org/abs/1805.09072","","","","","openalex-noaff"
"https://arxiv.org/abs/1503.08339","University of Copenhagen","University of Copenhagen","academic","DK","openalex"
"https://arxiv.org/abs/1512.09195","University of Copenhagen","University of Copenhagen","academic","DK","openalex"
"https://arxiv.org/abs/1711.07961","","","","","openalex-noaff"
"https://arxiv.org/abs/1809.05215","MIT","Massachusetts Institute of Technology; Centre National de la Recherche Scientifique; École Polytechnique; Commissariat à l'Énergie Atomique et aux Énergies Alternatives; MIT Lincoln Laboratory; National Institute for Materials Science","academic","US","openalex"
"https://doi.org/10.1038/s41467-020-20330-w","Tsinghua University","Tsinghua University; Southern University of Science and Technology; Beijing Academy of Quantum Information Sciences; Duke University; Peking University; Stanford University; Centre for Quantum Technologies; National University of Singapore; Nanyang Technological University","academic","CN","openalex"
"https://doi.org/10.1038/s41566-017-0007-1","Tsinghua University","Tsinghua University; Princeton University; University of Michigan","academic","CN","openalex"
"https://doi.org/10.1103/PhysRevLett.95.060502","NIST","National Institute of Standards and Technology","academic","US","openalex"
"https://doi.org/10.1103/PhysRevLett.113.220501","University of Oxford","University of Oxford; Centre National de la Recherche Scientifique; Université Paris Cité; Laboratoire Matériaux et Phénomènes Quantiques","academic","GB","openalex"
"https://doi.org/10.1038/s41567-020-0824-x","Centre National de la Recherche Scientifique","Centre National de la Recherche Scientifique; Institut national de recherche en sciences et technologies du numérique; Université Paris Cité; Université Paris Sciences et Lettres; École Normale Supérieure - PSL; Sorbonne Université; Laboratoire de Physique de l'Ecole Normale Supérieure; Lyon 1 Université; École Normale Supérieure de Lyon; École Nationale Supérieure des Mines de Paris","academic","FR","openalex"
"https://doi.org/10.1103/PRXQuantum.4.020350","Centre National de la Recherche Scientifique","Centre National de la Recherche Scientifique; École Normale Supérieure - PSL; Sorbonne Université; Laboratoire de Physique de l'Ecole Normale Supérieure; HIA du Val-de-Grâce à Paris","academic","FR","openalex"
"https://doi.org/10.1038/s41586-024-07294-3","Centre National de la Recherche Scientifique","Centre National de la Recherche Scientifique; Université Paris Cité; Université Paris Sciences et Lettres; École Normale Supérieure - PSL; Sorbonne Université; Sorbonne Paris Cité; Laboratoire de Physique de l'Ecole Normale Supérieure; École Normale Supérieure de Lyon","academic","FR","openalex"
"https://doi.org/10.1103/PhysRevX.14.021019","École Normale Supérieure de Lyon","École Normale Supérieure de Lyon; Centre National de la Recherche Scientifique","academic","FR","openalex"
"https://doi.org/10.48550/arXiv.2403.12021","Caltech","California Institute of Technology","academic","US","openalex"
"https://doi.org/10.1103/PhysRevA.75.040301","Laboratoire Charles Fabry","Laboratoire Charles Fabry","academic","FR","openalex"
"https://doi.org/10.1038/s41467-018-04916-z","QuTech","QuTech; Delft University of Technology; Element Six (United Kingdom)","mixed","NL","openalex"
"https://doi.org/10.1038/s41586-022-04592-6","Harvard","Harvard University; QuEra Computing (United States); Austrian Academy of Sciences; Universität Innsbruck; Massachusetts Institute of Technology; Harvard University Press","mixed","US","openalex"
"https://doi.org/10.1038/s41586-022-04603-6","University of Wisconsin–Madison","University of Wisconsin–Madison; University of Central Florida; Harvard University; Columbia University; ColdQuanta, Inc., DBA Infleqtion (United States); Riverlane (United Kingdom)","mixed","US","openalex"
"https://doi.org/10.1103/PhysRevLett.122.173201","Caltech","California Institute of Technology","academic","US","openalex"
"https://doi.org/10.48550/arXiv.1901.08042","Rigetti Computing (United States)","Rigetti Computing (United States)","industry","US","openalex"
"https://doi.org/10.1103/PhysRevApplied.23.044064","Quantum Science Center of Guangdong-Hong Kong-Macao Greater Bay Area","Quantum Science Center of Guangdong-Hong Kong-Macao Greater Bay Area; China Telecom (China); China Telecom; Peking University; IAP Research (United States); Zhejiang University; Jordan Valley Semiconductors (China); United Microelectronics (United States); Hefei University of Technology; Zhejiang Lab","mixed","CN","openalex"
"https://doi.org/10.48550/arXiv.2407.18778","Aalto University","Aalto University; VTT Technical Research Centre of Finland","academic","FI","openalex"
"https://arxiv.org/abs/2505.15917","","","","","openalex-noaff"
"https://arxiv.org/abs/1905.09749","Google Quantum AI","Google (United States); Swedish Armed Forces; KTH Royal Institute of Technology","industry","SE","openalex"
"https://arxiv.org/abs/2302.06639","Centre National de la Recherche Scientifique","Centre National de la Recherche Scientifique; Commissariat à l'Énergie Atomique et aux Énergies Alternatives; CEA Paris-Saclay; Institut de Physique Théorique; École Normale Supérieure - PSL; Laboratoire de Physique de l'Ecole Normale Supérieure","academic","FR","openalex"
"https://arxiv.org/abs/2603.28627","","","","","openalex-noaff"
"https://arxiv.org/abs/2604.19481","IonQ (United States)","IonQ (United States)","industry","US","openalex"
